km_cluster,party,2_or_more_cars_p,0_or_1_car_p,EV DC Fast Count,EV Level1 EVSE Num,EV Level2 EVSE Num,nhb_percentage,hisp_percentage,pov_percentage,white_percentage,state_y
0.0,0.0,0.6227924911494637,0.37720750885053633,3.261180679785331,0.013416815742397137,7.10644007155635,0.038000542094758366,0.05229670838612894,0.15825991452083704,0.8675004306870518,"AL, AZ, AR, CA, CO, CT, DE, FL, GA, ID, IL, IN, IA, KS, KY, LA, ME, MD, MI, MN, MS, MO, MT, NE, NV, NH, NJ, NY, NC, ND, OH, OK, OR, PA, SC, SD, TN, TX, UT, VT, VA, WA, WV, WI, WY"
1.0,1.0,0.6182989253434393,0.3817010746565606,575.0,15.714285714285714,2460.0,0.13906615762937244,0.2888412918727624,0.12011764727834849,0.3247034979961104,"CA, GA"
2.0,0.9938650306748467,0.5005258037019857,0.4994741962980143,7.662576687116564,0.1165644171779141,45.11656441717791,0.4862106881058268,0.0572005192161459,0.24199893207611836,0.36072211298409523,"AL, AK, AZ, AR, CA, FL, GA, IL, IN, KS, LA, MD, MA, MI, MS, MO, MT, NJ, NM, NY, NC, ND, OH, PA, SC, SD, TN, VA, WI"
3.0,0.005319148936170213,0.5753773252941758,0.4246226747058241,3.595744680851064,0.010638297872340425,7.069148936170213,0.2597436914854565,0.06561567053961319,0.2133178526093804,0.6173531192103575,"AL, AK, AZ, AR, CA, FL, GA, IL, KY, LA, MD, MI, MN, MS, MO, MT, NE, NV, NY, NC, ND, OH, OK, PA, SC, SD, TN, TX, UT, VA, WV"
4.0,1.0,0.6106163647044924,0.38938363529550757,32.542319749216304,0.2946708463949843,128.6551724137931,0.0846921985645135,0.10890618248611941,0.11927123847174165,0.7198744130652843,"AK, AZ, CA, CO, CT, DE, FL, GA, HI, ID, IL, IN, IA, KS, KY, ME, MD, MA, MI, MN, MO, MT, NE, NV, NH, NJ, NM, NY, NC, OH, OR, PA, RI, SC, SD, TN, TX, UT, VT, VA, WA, WI, WY"
5.0,0.21608040201005024,0.6215377144470569,0.3784622855529432,8.482412060301508,0.005025125628140704,18.13065326633166,0.030511698112918952,0.5263456282956389,0.17536344868394368,0.4037100090171,"AZ, AR, CA, CO, FL, GA, ID, KS, NE, NJ, NM, OK, OR, TX, VA, WA"
6.0,0.00536480686695279,0.7171092512498989,0.2828907487501012,2.7618025751072963,0.002145922746781116,5.604077253218884,0.028028496670535818,0.05981535490158512,0.10421859021201295,0.8764502799884878,"AL, AR, CA, CO, CT, FL, GA, ID, IL, IN, IA, KS, KY, LA, MD, MI, MN, MS, MO, MT, NE, NV, NH, NJ, NM, NY, NC, ND, OH, OK, OR, PA, SC, SD, TN, TX, UT, VA, WA, WV, WI, WY"
